7b_01;имя1;фамилия2;7b_01@jabbercu.ru
7b_02;имя2;фамилия3;7b_02@jabbercu.ru
7b_03;имя3;фамилия4;7b_03@jabbercu.ru
7b_04;имя4;фамилия5;7b_04@jabbercu.ru
7b_05;имя5;фамилия6;7b_05@jabbercu.ru
7b_06;имя6;фамилия7;7b_06@jabbercu.ru
7b_07;имя7;фамилия8;7b_07@jabbercu.ru
7b_08;имя8;фамилия9;7b_08@jabbercu.ru
7b_09;имя9;фамилия10;7b_09@jabbercu.ru
7b_10;имя10;фамилия11;7b_10@jabbercu.ru
7b_11;имя11;фамилия12;7b_11@jabbercu.ru
7b_12;имя12;фамилия13;7b_12@jabbercu.ru
7b_13;имя13;фамилия14;7b_13@jabbercu.ru
7b_14;имя14;фамилия15;7b_14@jabbercu.ru
7b_15;имя15;фамилия16;7b_15@jabbercu.ru
7b_16;имя16;фамилия17;7b_16@jabbercu.ru
7b_17;имя17;фамилия18;7b_17@jabbercu.ru
7b_18;имя18;фамилия19;7b_18@jabbercu.ru
7b_19;имя19;фамилия20;7b_19@jabbercu.ru
7b_20;имя20;фамилия21;7b_20@jabbercu.ru
7b_21;имя21;фамилия22;7b_21@jabbercu.ru
7b_22;имя22;фамилия23;7b_22@jabbercu.ru
7b_23;имя23;фамилия24;7b_23@jabbercu.ru
7b_24;имя24;фамилия25;7b_24@jabbercu.ru
7b_25;имя25;фамилия26;7b_25@jabbercu.ru